ID,Category,Latitude,Longitude
1001,,44.8478406,11.970669
1002,,44.8480467,11.9706642
1003,,44.8482344,11.970668
1004,,44.8484063,11.9706649
1005,,44.8486008,11.9706609
1006,,44.8487944,11.9706567
1007,,44.849017,11.970661
1008,,44.8492249,11.9706624
1009,,44.8494224,11.9706481
1010,,44.849639,11.9706492
1011,,44.8498439,11.9706443
1012,,44.8497403,11.9707542
1013,,44.8495479,11.9707488
1014,,44.8493375,11.9707514
1015,,44.8491413,11.9707547
1016,,44.8489505,11.9707474
1017,,44.8487414,11.9707488
1018,,44.8485467,11.9707502
1019,,44.848357,11.9707524
1020,,44.8481759,11.9707558
1021,,44.8479874,11.9707598
1022,,44.8477938,11.9707625
1023,,44.8476054,11.9707607
1024,,44.8475904,11.9708572
1025,,44.8477835,11.9708496
1026,,44.8479954,11.9708461
1027,,44.8481907,11.9708385
1028,,44.8483916,11.9708409
1029,,44.848597,11.970835
1030,,44.8487878,11.9708278
1031,,44.8489947,11.9708206
1032,,44.849196,11.9708359
1033,,44.8493916,11.9708357
1034,,44.8496043,11.9708377
1035,,44.8497985,11.9708312
1036,,44.849778,11.9709013
1037,,44.84955,11.9709064
1038,,44.8493223,11.9709105
1039,,44.8490897,11.9709126
1040,,44.8488706,11.9709153
1041,,44.8486438,11.9709183
1042,,44.8483986,11.970916
1043,,44.8481738,11.9709194
1044,,44.8479603,11.9709214
1045,,44.8477371,11.970921
1046,,44.847524,11.9709246
1047,,44.847406,11.9712819
1048,,44.8475254,11.9714347
1049,,44.8476911,11.971443
1050,,44.847876,11.9714408
1051,,44.8480556,11.9714384
1052,,44.8482385,11.9714416
1053,,44.848432,11.971434
1054,,44.8486211,11.9714302
1055,,44.8488143,11.9714231
1056,,44.8490168,11.9714187
1057,,44.8492078,11.9714163
1058,,44.8493989,11.9714219
1059,,44.8496043,11.9714218
1060,,44.8497916,11.9714182
1061,,44.8498336,11.9712014
1062,,44.8496979,11.9713199
1063,,44.8495203,11.9713406
1064,,44.8493283,11.9713361
1065,,44.8491481,11.971334
1066,,44.8489668,11.9713291
1067,,44.8487714,11.9713221
1068,,44.8485915,11.9713278
1069,,44.8484108,11.9713334
1070,,44.8482121,11.971342
1071,,44.8480339,11.9713446
1072,,44.8478568,11.9713457
1073,,44.8476735,11.9713462
1074,,44.8474993,11.9713487
1075,,44.8474124,11.9711858
1076,,44.847484,11.9711175
1077,,44.8476557,11.971115
1078,,44.8478382,11.9711176
1079,,44.8480101,11.9711139
1080,,44.8481955,11.9711198
1081,,44.848386,11.9711077
1082,,44.8485604,11.9711039
1083,,44.8487333,11.9711031
1084,,44.8489186,11.9711053
1085,,44.8490907,11.9711035
1086,,44.849279,11.971103
1087,,44.8494552,11.9711015
1088,,44.8496308,11.9710963
1089,,44.8498205,11.9710967
1090,,44.8496589,11.9712548
1091,,44.8494714,11.9712627
1092,,44.8492766,11.971263
1093,,44.8490645,11.9712637
1094,,44.8488659,11.9712618
1095,,44.8486719,11.9712626
1096,,44.8484627,11.9712673
1097,,44.8482695,11.9712669
1098,,44.8480635,11.9712678
1099,,44.8478698,11.9712701
1100,,44.8476865,11.9712768
1101,,44.8474975,11.9712809
1102,,44.8475841,11.9711966
1103,,44.8477561,11.9711948
1104,,44.8479334,11.971193
1105,,44.848121,11.971195
1106,,44.8482966,11.9711889
1107,,44.8484734,11.9711914
1108,,44.8486615,11.9711901
1109,,44.8488509,11.9711864
1110,,44.8490532,11.9711835
1111,,44.8492408,11.9711816
1112,,44.8494589,11.9711819
1113,,44.8496611,11.9711822
1114,,44.849722,11.9717929
1115,,44.8496664,11.9718706
1116,,44.8494881,11.971874
1117,,44.8493098,11.9718769
1118,,44.8491164,11.9718762
1119,,44.8489345,11.9718756
1120,,44.8487595,11.9718791
1121,,44.8485453,11.9718722
1122,,44.8483497,11.9718719
1123,,44.8481604,11.9718734
1124,,44.8479457,11.9718768
1125,,44.8477509,11.9718812
1126,,44.8475637,11.9718854
1127,,44.8474072,11.9716616
1128,,44.8474426,11.9715689
1129,,44.8476105,11.9715693
1130,,44.8477835,11.9715642
1131,,44.8479512,11.9715611
1132,,44.8481339,11.9715588
1133,,44.8483345,11.9715563
1134,,44.848531,11.9715531
1135,,44.8487264,11.971558
1136,,44.8489444,11.9715547
1137,,44.8491518,11.9715482
1138,,44.8493616,11.9715464
1139,,44.849586,11.9715462
1140,,44.8495647,11.9717788
1141,,44.8493856,11.971787
1142,,44.8492136,11.9717969
1143,,44.8490282,11.9717916
1144,,44.8488427,11.9717895
1145,,44.8486736,11.97179
1146,,44.8484968,11.9717939
1147,,44.8483134,11.9717958
1148,,44.8481236,11.9717945
1149,,44.847937,11.9717998
1150,,44.8477401,11.9718045
1151,,44.8475544,11.9718072
1152,,44.8474342,11.9716549
1153,,44.847634,11.9716538
1154,,44.8478313,11.9716474
1155,,44.8480451,11.9716435
1156,,44.8482414,11.9716447
1157,,44.8484384,11.9716447
1158,,44.8486489,11.9716399
1159,,44.8488525,11.9716374
1160,,44.8490476,11.971638
1161,,44.8492608,11.9716381
1162,,44.8494588,11.9716354
1163,,44.8496592,11.9716325
1164,,44.8496017,11.971707
1165,,44.8494109,11.9717062
1166,,44.8492296,11.9717095
1167,,44.8490487,11.9717129
1168,,44.8488508,11.9717097
1169,,44.8486688,11.9717181
1170,,44.8484725,11.971725
1171,,44.8482645,11.9717172
1172,,44.8480686,11.9717085
1173,,44.8478757,11.9717098
1174,,44.8476673,11.9717179
1175,,44.8474775,11.9717274
1176,,44.8474054,11.9721087
1177,,44.8474087,11.9722885
1178,,44.8474158,11.9724686
1179,,44.8475218,11.9724722
1180,,44.8476814,11.9724714
1181,,44.8478398,11.9724787
1182,,44.8480196,11.9724811
1183,,44.8481993,11.9724758
1184,,44.848376,11.972477
1185,,44.8485683,11.972478
1186,,44.8487462,11.9724754
1187,,44.8489201,11.9724706
1188,,44.8491071,11.9724712
1189,,44.8492855,11.9724708
1190,,44.8494612,11.9724736
1191,,44.8496291,11.9722586
1192,,44.8496695,11.9720504
1193,,44.8495509,11.9719996
1194,,44.8493537,11.9720041
1195,,44.849167,11.9720058
1196,,44.848978,11.9720022
1197,,44.8487746,11.9720068
1198,,44.8485876,11.9720038
1199,,44.8484011,11.9720054
1200,,44.8481999,11.9720079
1201,,44.8480039,11.9720069
1202,,44.8478152,11.9720116
1203,,44.8476217,11.9720182
1204,,44.8474869,11.9720846
1205,,44.8476607,11.972091
1206,,44.8478457,11.972094
1207,,44.8480222,11.9720938
1208,,44.8482283,11.9720937
1209,,44.8483912,11.9720899
1210,,44.8485625,11.9720897
1211,,44.8487482,11.9720924
1212,,44.8489344,11.9720876
1213,,44.849122,11.9720879
1214,,44.849326,11.9720875
1215,,44.8495239,11.9720869
1216,,44.8495825,11.9723903
1217,,44.8493895,11.9723926
1218,,44.8491918,11.9723959
1219,,44.8489895,11.9723952
1220,,44.8487977,11.9723944
1221,,44.848603,11.9723883
1222,,44.8483999,11.9723843
1223,,44.8482083,11.9723861
1224,,44.8480026,11.972386
1225,,44.8478141,11.9723869
1226,,44.8476467,11.9723911
1227,,44.8474752,11.972395
1228,,44.8474202,11.9721789
1229,,44.847595,11.9721743
1230,,44.8477675,11.9721737
1231,,44.84794,11.9721741
1232,,44.8481329,11.9721725
1233,,44.848305,11.9721812
1234,,44.8484864,11.9721853
1235,,44.8486682,11.9721806
1236,,44.848845,11.9721777
1237,,44.8490295,11.9721666
1238,,44.8492044,11.972169
1239,,44.8493781,11.9721736
1240,,44.8495019,11.9721764
1241,,44.8494851,11.9722589
1242,,44.849263,11.9722579
1243,,44.8490377,11.9722532
1244,,44.8488019,11.9722431
1245,,44.8485687,11.9722512
1246,,44.8483456,11.9722441
1247,,44.8481033,11.9722438
1248,,44.8478737,11.9722481
1249,,44.8476418,11.9722539
1250,,44.847424,11.9723252
1251,,44.847637,11.9723324
1252,,44.8478474,11.9723349
1253,,44.8480519,11.9723307
1254,,44.8482724,11.9723276
1255,,44.8484816,11.9723268
1256,,44.8486984,11.9723254
1257,,44.8489049,11.9723255
1258,,44.8491159,11.9723245
1259,,44.8493465,11.9723234
1260,,44.849576,11.9723243
1261,,44.8494149,11.9729677
1262,,44.8492544,11.9729595
1263,,44.8490668,11.972967
1264,,44.8488774,11.9729708
1265,,44.8486843,11.9729753
1266,,44.8484736,11.9729756
1267,,44.8482729,11.9729855
1268,,44.8480838,11.9729792
1269,,44.847876,11.9729797
1270,,44.8476782,11.9729847
1271,,44.8474844,11.972983
1272,,44.8476035,11.9725977
1273,,44.8477824,11.9725963
1274,,44.8479644,11.9725917
1275,,44.8481602,11.9725906
1276,,44.8483495,11.9725924
1277,,44.8485501,11.9725965
1278,,44.8487318,11.9725933
1279,,44.8489231,11.9725893
1280,,44.8491235,11.9725862
1281,,44.8493106,11.9725958
1282,,44.8494957,11.9725943
1283,,44.8495022,11.972681
1284,,44.8493008,11.972687
1285,,44.8490844,11.972688
1286,,44.8488807,11.9726787
1287,,44.848674,11.9726795
1288,,44.8484896,11.9726763
1289,,44.848301,11.9726739
1290,,44.8480971,11.972674
1291,,44.8479067,11.9726754
1292,,44.8477193,11.9726836
1293,,44.8475175,11.9726821
1294,,44.8474304,11.9727648
1295,,44.8476254,11.9727678
1296,,44.8478053,11.9727768
1297,,44.8479935,11.9727697
1298,,44.8481861,11.9727619
1299,,44.8483706,11.9727624
1300,,44.8485525,11.9727669
1301,,44.8487376,11.9727702
1302,,44.8489104,11.9727776
1303,,44.8490963,11.9727797
1304,,44.849295,11.9727774
1305,,44.8494809,11.9727634
1306,,44.8493528,11.9734712
1307,,44.8491572,11.9734774
1308,,44.8489918,11.9734865
1309,,44.8488274,11.9734836
1310,,44.8486645,11.9734864
1311,,44.8484882,11.9734885
1312,,44.8483203,11.973492
1313,,44.8481539,11.9734924
1314,,44.8479768,11.9734969
1315,,44.8476383,11.9734845
1316,,44.8475252,11.9734859
1317,,44.8476586,11.9728422
1318,,44.8478433,11.9728441
1319,,44.8480206,11.9728408
1320,,44.8482139,11.9728362
1321,,44.848398,11.9728359
1322,,44.8485814,11.9728345
1323,,44.8487697,11.9728326
1324,,44.8489575,11.972839
1325,,44.8491555,11.9728669
1326,,44.849354,11.9728619
1327,,44.8494391,11.9728774
1328,,44.8492012,11.9729087
1329,,44.8489783,11.9729245
1330,,44.8487388,11.972931
1331,,44.8485134,11.9729365
1332,,44.8483183,11.97294
1333,,44.8480967,11.9729294
1334,,44.8478953,11.9729292
1335,,44.8476987,11.9729276
1336,,44.847508,11.9729222
1337,,44.847453,11.9731032
1338,,44.8476189,11.9730903
1339,,44.8477813,11.9730932
1340,,44.8479606,11.9730955
1341,,44.8481302,11.9730915
1342,,44.8483071,11.973092
1343,,44.8484902,11.9730892
1344,,44.8486631,11.9730905
1345,,44.8488303,11.9730881
1346,,44.8490251,11.9730894
1347,,44.8492122,11.9730883
1348,,44.8493912,11.9730918
1349,,44.8492998,11.9731799
1350,,44.8491088,11.9731701
1351,,44.8489232,11.9731799
1352,,44.8487432,11.9731809
1353,,44.8485445,11.973181
1354,,44.8483617,11.9731888
1355,,44.8481779,11.973186
1356,,44.8479789,11.9731907
1357,,44.8477938,11.9731922
1358,,44.8476127,11.9731859
1359,,44.8475486,11.9732732
1360,,44.8477247,11.9732677
1361,,44.8478863,11.9732747
1362,,44.8480537,11.9732615
1363,,44.8482301,11.9732666
1364,,44.8483971,11.9732646
1365,,44.8485805,11.9732668
1366,,44.8487469,11.973266
1367,,44.8489077,11.973265
1368,,44.8491327,11.9732656
1369,,44.849302,11.9732686
1370,,44.8493115,11.973349
1371,,44.8491191,11.9733548
1372,,44.8487924,11.9733444
1373,,44.8486271,11.973347
1374,,44.8484674,11.9733502
1375,,44.8482922,11.9733505
1376,,44.8481252,11.9733579
1377,,44.8478754,11.9733527
1378,,44.8476763,11.9733479
1379,,44.8474915,11.9733624
1380,,44.8474164,11.9736947
1381,,44.8474181,11.9739398
1382,,44.8474854,11.9739665
1383,,44.8476678,11.9739637
1384,,44.8481073,11.973956
1385,,44.8482808,11.9739447
1386,,44.8484717,11.9739407
1387,,44.8486501,11.9739409
1388,,44.8488339,11.973944
1389,,44.8490302,11.9739424
1390,,44.8492148,11.9739427
1391,,44.8492759,11.9735936
1392,,44.8491137,11.9735963
1393,,44.8489455,11.9736024
1394,,44.8487861,11.9736092
1395,,44.848632,11.9736025
1396,,44.8484596,11.9736007
1397,,44.848281,11.973604
1398,,44.8481232,11.9736064
1399,,44.8479556,11.97361
1400,,44.8477711,11.9736063
1401,,44.8475087,11.9736052
1402,,44.847559,11.9734274
1403,,44.847804,11.9734246
1404,,44.8479699,11.9734223
1405,,44.8481525,11.9734125
1406,,44.8483314,11.9734069
1407,,44.8485235,11.9734076
1408,,44.8487305,11.9734095
1409,,44.8489181,11.9734028
1410,,44.8491014,11.9734051
1411,,44.8492955,11.9734175
1412,,44.8492286,11.9736814
1413,,44.8490261,11.9736839
1414,,44.8488456,11.9736842
1415,,44.8486463,11.9736872
1416,,44.8484613,11.9736865
1417,,44.8482813,11.973686
1418,,44.8480795,11.9736868
1419,,44.8478808,11.9736876
1420,,44.8476952,11.9736881
1421,,44.8474994,11.9736938
1422,,44.8475022,11.9737803
1423,,44.84772,11.9737859
1424,,44.8479018,11.9737858
1425,,44.8480833,11.9737821
1426,,44.8482815,11.9737916
1427,,44.8484603,11.973788
1428,,44.8485922,11.9737813
1429,,44.8487908,11.9737741
1430,,44.8489701,11.9737755
1431,,44.8491464,11.9737721
1432,,44.849331,11.9737573
1433,,44.8492791,11.973853
1434,,44.8490776,11.9738553
1435,,44.8488887,11.9738524
1436,,44.8486983,11.9738582
1437,,44.8484907,11.9738714
1438,,44.8483059,11.9738737
1439,,44.8480512,11.9738689
1440,,44.8478724,11.9738678
1441,,44.8476865,11.9738745
1442,,44.8475036,11.9738733
1443,,44.8474251,11.9743115
1444,,44.8475497,11.974481
1445,,44.8477427,11.9744764
1446,,44.8479255,11.9744719
1447,,44.8481301,11.9744648
1448,,44.8483129,11.9744691
1449,,44.8485114,11.9744632
1450,,44.8486963,11.9744625
1451,,44.8488871,11.9744598
1452,,44.8490895,11.9744579
1453,,44.8491435,11.9740583
1454,,44.8489661,11.9740569
1455,,44.8487731,11.9740602
1456,,44.8485929,11.9740675
1457,,44.8484032,11.974076
1458,,44.8482131,11.9740893
1459,,44.8480346,11.9740932
1460,,44.8478565,11.9740923
1461,,44.8476674,11.974099
1462,,44.8474817,11.9740944
1463,,44.8474718,11.9741731
1464,,44.8476595,11.9741684
1465,,44.8478664,11.9741664
1466,,44.8480604,11.974165
1467,,44.8482503,11.9741605
1468,,44.848458,11.9741624
1469,,44.8486492,11.9741592
1470,,44.8488411,11.9741518
1471,,44.8490409,11.9741443
1472,,44.8492382,11.9741441
1473,,44.8492185,11.9743864
1474,,44.8491652,11.9743796
1475,,44.8489962,11.9743807
1476,,44.8488132,11.9743799
1477,,44.8486289,11.9743756
1478,,44.8484305,11.9743792
1479,,44.8482608,11.9743923
1480,,44.8480928,11.9743947
1481,,44.8479058,11.9744006
1482,,44.8477239,11.9743935
1483,,44.8475515,11.9743906
1484,,44.8474458,11.9742523
1485,,44.8476348,11.9742551
1486,,44.8478398,11.9742559
1487,,44.8480357,11.9742485
1488,,44.848219,11.9742506
1489,,44.8484237,11.9742455
1490,,44.8486141,11.9742358
1491,,44.8488251,11.9742336
1492,,44.8490307,11.9742348
1493,,44.8490443,11.9749569
1494,,44.8488774,11.9749675
1495,,44.8486811,11.9749669
1496,,44.8484879,11.9749699
1497,,44.848304,11.9749764
1498,,44.8481021,11.9749847
1499,,44.8479202,11.9749833
1500,,44.8477318,11.9749853
1501,,44.8475351,11.9749928
1502,,44.8474214,11.9746487
1503,,44.8474974,11.9746054
1504,,44.8476903,11.9746089
1505,,44.8478739,11.9746032
1506,,44.8482679,11.9746041
1507,,44.8484606,11.9745958
1508,,44.8486564,11.9745911
1509,,44.848851,11.9745877
1510,,44.8490644,11.9745882
1511,,44.8490553,11.9746752
1512,,44.8488668,11.9746764
1513,,44.8486557,11.9746801
1514,,44.848253,11.9746913
1515,,44.8480585,11.97469
1516,,44.8478641,11.9746965
1517,,44.8476537,11.974705
1518,,44.8474561,11.9747032
1519,,44.8476545,11.9743048
1520,,44.8478783,11.9742981
1521,,44.8481027,11.9742981
1522,,44.8483235,11.9742979
1523,,44.8488363,11.9742891
1524,,44.8490538,11.9742922
1525,,44.8490144,11.9753722
1526,,44.848821,11.9753658
1527,,44.8486297,11.9753832
1528,,44.8484292,11.9754133
1529,,44.848233,11.9754252
1530,,44.8480244,11.9754289
1531,,44.8478359,11.9754343
1532,,44.8476394,11.9754363
1533,,44.8474327,11.9754375
1534,,44.8474331,11.975226
1535,,44.8474526,11.9751164
1536,,44.8476353,11.9751095
1537,,44.8478341,11.9751022
1538,,44.8480355,11.9750944
1539,,44.8482509,11.9750946
1540,,44.8484504,11.9750928
1541,,44.8486553,11.9750807
1542,,44.8488662,11.975074
1543,,44.8490698,11.9750793
1544,,44.8489693,11.9748712
1545,,44.8487771,11.9748686
1546,,44.8485873,11.974873
1547,,44.8483341,11.9748788
1548,,44.8481393,11.9748857
1549,,44.8479264,11.9748921
1550,,44.847718,11.9748989
1551,,44.8475017,11.9749012
1552,,44.8475541,11.9747746
1553,,44.8477497,11.9747703
1554,,44.8479439,11.9747644
1555,,44.8481507,11.9747655
1556,,44.8484067,11.9747543
1557,,44.8485604,11.9747492
1558,,44.8487433,11.9747422
1559,,44.848935,11.9747379
1560,,44.8489998,11.9748159
1561,,44.8487782,11.9748199
1562,,44.8485445,11.9748227
1563,,44.8483234,11.974828
1564,,44.8480369,11.9748283
1565,,44.8478303,11.9748308
1566,,44.847602,11.9748475
1567,,44.8474485,11.9751886
1568,,44.8476369,11.9751903
1569,,44.8478174,11.9751894
1570,,44.8479971,11.9751886
1571,,44.8481957,11.9751862
1572,,44.8483798,11.9751871
1573,,44.8485691,11.9751727
1574,,44.8487663,11.975163
1575,,44.8489489,11.9751614
1576,,44.8489234,11.9753002
1577,,44.848723,11.9753137
1578,,44.8485416,11.9753174
1579,,44.8483532,11.9753281
1580,,44.8481612,11.9753343
1581,,44.8479795,11.9753334
1582,,44.8478017,11.9753394
1583,,44.8476115,11.9753469
1584,,44.8474293,11.9753449
1585,,44.8474288,11.9758837
1586,,44.8475947,11.9760665
1587,,44.8477848,11.9760657
1588,,44.847942,11.9760628
1589,,44.8480976,11.9760586
1590,,44.848262,11.9760554
1591,,44.8484365,11.9760468
1592,,44.8486086,11.976043
1593,,44.8487883,11.9760413
1594,,44.8489301,11.9758966
1595,,44.8489693,11.9756629
1596,,44.8488735,11.9755873
1597,,44.8486933,11.9756033
1598,,44.8485039,11.9755897
1599,,44.8483217,11.9755729
1600,,44.8481167,11.9755865
1601,,44.8479736,11.9756005
1602,,44.8478219,11.975597
1603,,44.8476472,11.9755923
1604,,44.8474746,11.9755995
1605,,44.8475576,11.9752722
1606,,44.847759,11.9752654
1607,,44.8479618,11.9752653
1608,,44.8481772,11.9752619
1609,,44.8484049,11.9752486
1610,,44.8485953,11.9752416
1611,,44.8487734,11.9752319
1612,,44.8489722,11.9752287
1613,,44.8488525,11.9759645
1614,,44.8486765,11.9759675
1615,,44.8484888,11.9759733
1616,,44.8482968,11.9759649
1617,,44.8481275,11.9759675
1618,,44.847937,11.9759682
1619,,44.8477602,11.9759763
1620,,44.8475803,11.9759765
1621,,44.8475806,11.9756722
1622,,44.8477654,11.9756722
1623,,44.8479366,11.9756709
1624,,44.8481116,11.9756699
1625,,44.8482965,11.9756553
1626,,44.848464,11.975658
1627,,44.8486505,11.9756712
1628,,44.8488228,11.9756713
1629,,44.8488434,11.9758699
1630,,44.8486765,11.97588
1631,,44.8485134,11.9758792
1632,,44.8483459,11.9758791
1633,,44.8481796,11.9758788
1634,,44.8480099,11.9758888
1635,,44.8478272,11.9758984
1636,,44.8476453,11.9759045
1637,,44.8474609,11.9758933
1638,,44.847491,11.9757616
1639,,44.8476819,11.9757593
1640,,44.8478596,11.9757507
1641,,44.8480422,11.9757431
1642,,44.8482399,11.9757395
1643,,44.8484282,11.9757408
1644,,44.848618,11.9757414
1645,,44.8488297,11.9757344
1646,,44.8474908,11.9758245
1647,,44.8476751,11.9758157
1648,,44.8478795,11.9758154
1649,,44.8480593,11.9758209
1650,,44.8482443,11.9758201
1651,,44.8484442,11.9758078
1652,,44.8486267,11.9758133
1653,,44.8488055,11.9758194
1654,,44.848821,11.9761751
1655,,44.8486384,11.9761722
1656,,44.8484565,11.9761766
1657,,44.8482883,11.9761798
1658,,44.8481043,11.9761835
1659,,44.8479229,11.9761871
1660,,44.8477506,11.976184
1661,,44.8475676,11.9761909
1662,,44.847427,11.9763923
1663,,44.8474289,11.9770605
1664,,44.8474702,11.9774555
1665,,44.8476521,11.9774484
1666,,44.8478282,11.9774486
1667,,44.8480216,11.9774516
1668,,44.8482004,11.9774434
1669,,44.8483756,11.9774269
1670,,44.8487002,11.9769991
1671,,44.848814,11.976388
1672,,44.8488406,11.976248
1673,,44.8486547,11.9762559
1674,,44.8484818,11.9762678
1675,,44.8483011,11.9762672
1676,,44.8481014,11.9762685
1677,,44.8479392,11.9762724
1678,,44.8477543,11.9762761
1679,,44.8475584,11.9762765
1680,,44.8476186,11.9766399
1681,,44.8477895,11.9766388
1682,,44.8479675,11.9766333
1683,,44.8481619,11.9766319
1684,,44.8483412,11.9766304
1685,,44.8485246,11.9766298
1686,,44.8487159,11.9766218
1687,,44.8487708,11.9765322
1688,,44.84861,11.9765383
1689,,44.8484484,11.9765417
1690,,44.8482737,11.9765505
1691,,44.8481037,11.9765448
1692,,44.8479452,11.9765477
1693,,44.8477667,11.9765489
1694,,44.8476032,11.9765508
1695,,44.8475179,11.9766009
1696,,44.847481,11.9764514
1697,,44.8476618,11.9764536
1698,,44.8478279,11.97645
1699,,44.8479966,11.976466
1700,,44.8481798,11.9764595
1701,,44.8483495,11.9764432
1702,,44.8485228,11.9764369
1703,,44.8486952,11.9764392
1704,,44.8487532,11.9763492
1705,,44.848568,11.9763468
1706,,44.8483718,11.9763535
1707,,44.8481881,11.9763523
1708,,44.8479972,11.9763691
1709,,44.8477994,11.9763672
1710,,44.8476073,11.9763611
1711,,44.8474844,11.9767675
1712,,44.8476458,11.976759
1713,,44.8478246,11.9767623
1714,,44.8479883,11.97676
1715,,44.8481518,11.9767561
1716,,44.8483227,11.9767435
1717,,44.8484861,11.9767441
1718,,44.8486508,11.9767423
1719,,44.8487042,11.9768389
1720,,44.8485315,11.9768426
1721,,44.848356,11.9768446
1722,,44.8481747,11.9768476
1723,,44.8479832,11.9768489
1724,,44.8478043,11.9768488
1725,,44.847624,11.9768459
1726,,44.8474373,11.9768487
1727,,44.8475129,11.9772091
1728,,44.8477092,11.9772097
1729,,44.8478929,11.9772059
1730,,44.8480782,11.9772017
1731,,44.8482738,11.9771947
1732,,44.84846,11.9771959
1733,,44.8485812,11.9773152
1734,,44.8483996,11.9773029
1735,,44.8482068,11.9773075
1736,,44.8480269,11.9773098
1737,,44.8478414,11.9773193
1738,,44.8476624,11.977326
1739,,44.8474848,11.9773304
1740,,44.8475609,11.9771168
1741,,44.8477532,11.9771118
1742,,44.8479561,11.9771066
1743,,44.8481414,11.9771046
1744,,44.8483304,11.9771098
1745,,44.8485297,11.9771019
1746,,44.8485281,11.9773855
1747,,44.8483706,11.9773885
1748,,44.848195,11.9773918
1749,,44.8480078,11.9773989
1750,,44.8478085,11.9773998
1751,,44.8475995,11.9773948
1752,,44.8475904,11.9770255
1753,,44.8477761,11.9770248
1754,,44.8479528,11.9770263
1755,,44.8481263,11.9770166
1756,,44.8483153,11.9770185
1757,,44.8484954,11.9770182
1758,,44.8486619,11.9770239
1759,,44.8486606,11.9769199
1760,,44.8484879,11.9769273
1761,,44.8482834,11.9769352
1762,,44.8480934,11.9769376
1763,,44.8478932,11.9769439
1764,,44.8477042,11.9769429
1765,,44.8475142,11.9830934
1766,,44.8475631,11.9828445
1767,,44.8476231,11.9825483
1768,,44.847692,11.9822273
1769,,44.847728,11.9819151
1770,,44.8477126,11.981633
1771,,44.8478394,11.9814209
1772,,44.8479005,11.9802046
1773,,44.8476786,11.980215
1774,,44.8474608,11.9803696
1775,,44.8474767,11.9806422
1776,,44.8474806,11.9809406
1777,,44.8474919,11.9812303
1778,,44.8474923,11.9815163
1779,,44.8474993,11.9818277
1780,,44.8474965,11.9821245
1781,,44.8474979,11.9824395
1782,,44.8474967,11.9827332
1783,,44.8474977,11.9830222
1784,,44.8475396,11.9829512
1785,,44.8475624,11.9826308
1786,,44.8476141,11.9823342
1787,,44.8476553,11.9820362
1788,,44.8476412,11.9817183
1789,,44.847733,11.9814504
1790,,44.8478553,11.9811984
1791,,44.8479327,11.9808812
1792,,44.8479944,11.980588
1793,,44.8478895,11.9802716
1794,,44.8476733,11.980274
1795,,44.8475764,11.9803652
1796,,44.8477862,11.9803553
1797,,44.847929,11.9805784
1798,,44.8478655,11.9808603
1799,,44.8477945,11.9811683
1800,,44.847666,11.9814001
1801,,44.8475838,11.981668
1802,,44.8475946,11.9819923
1803,,44.8475517,11.9822785
1804,,44.847542,11.9822799
1805,,44.8475416,11.9819809
1806,,44.847536,11.9816589
1807,,44.8475321,11.9813469
1808,,44.8475277,11.9810367
1809,,44.8475263,11.9807016
1810,,44.8475936,11.9805309
1811,,44.8475972,11.9808495
1812,,44.8476027,11.9812159
1813,,44.8476648,11.9813297
1814,,44.8476599,11.9810032
1815,,44.8476591,11.9805924
1816,,44.8477243,11.9804188
1817,,44.8477251,11.9807634
1818,,44.8477269,11.9811748
1819,,44.8477908,11.9811428
1820,,44.8477867,11.9808151
1821,,44.8477892,11.9805278
1822,,44.8478389,11.9804155
1823,,44.8478366,11.9807029
1824,,44.8478853,11.9804337
1825,,44.8486109,11.9775167
1826,,44.8485265,11.9779458
1827,,44.8484633,11.9781904
1828,,44.8483856,11.9786053
1829,,44.8483318,11.9788525
1830,,44.8482473,11.9792828
1831,,44.8481534,11.9797492
1832,,44.8480892,11.9800698
1833,,44.8480102,11.9800596
1834,,44.8478041,11.9800613
1835,,44.8476051,11.9800655
1836,,44.8474575,11.9798468
1837,,44.8474647,11.9796074
1838,,44.8475242,11.9795934
1839,,44.8477014,11.9795931
1840,,44.8479018,11.9795901
1841,,44.8480883,11.9795952
1842,,44.8480785,11.9799712
1843,,44.847887,11.979971
1844,,44.8476799,11.9799737
1845,,44.8474881,11.9799706
1846,,44.8475083,11.9796678
1847,,44.8476819,11.9796693
1848,,44.8478687,11.9796694
1849,,44.8480824,11.9796742
1850,,44.8480457,11.9798765
1851,,44.8478456,11.9798804
1852,,44.8476601,11.9798799
1853,,44.8474964,11.9797572
1854,,44.8477006,11.9797574
1855,,44.8479284,11.9797543
1856,,44.848145,11.9797486
1857,,44.8482452,11.9793917
1858,,44.8482851,11.9790791
1859,,44.8483418,11.9788479
1860,,44.8483446,11.9785895
1861,,44.8484007,11.9784016
1862,,44.8480217,11.979797
1863,,44.8477491,11.9797916
1864,,44.8474934,11.9797871
1865,,44.8474567,11.9792069
1866,,44.8475955,11.9790539
1867,,44.8477747,11.9790452
1868,,44.8479643,11.9790413
1869,,44.8481406,11.9790399
1870,,44.8483139,11.9790445
1871,,44.8480813,11.9794651
1872,,44.8478866,11.9794711
1873,,44.8476769,11.9794707
1874,,44.8474789,11.9794751
1875,,44.847521,11.9793883
1876,,44.847717,11.9793748
1877,,44.8479121,11.9793717
1878,,44.8481192,11.9793629
1879,,44.8481999,11.9792832
1880,,44.8479765,11.9792853
1881,,44.8477696,11.979292
1882,,44.8475602,11.9792992
1883,,44.8476555,11.9792047
1884,,44.8478631,11.9792014
1885,,44.8480601,11.9792058
1886,,44.8482681,11.9791084
1887,,44.8480594,11.979133
1888,,44.8478347,11.9791338
1889,,44.8476303,11.9791325
1890,,44.84745,11.9788082
1891,,44.8474473,11.9785254
1892,,44.8474758,11.9784556
1893,,44.8476714,11.9784433
1894,,44.8478837,11.9784475
1895,,44.8480856,11.9784376
1896,,44.8482851,11.9784377
1897,,44.8482812,11.9789383
1898,,44.8481843,11.9789204
1899,,44.8480196,11.9789278
1900,,44.8478288,11.9789401
1901,,44.8476142,11.9789467
1902,,44.8476386,11.9785467
1903,,44.84783,11.9785467
1904,,44.8480255,11.9785442
1905,,44.8482319,11.9785342
1906,,44.8483904,11.9786724
1907,,44.8482345,11.9788367
1908,,44.8480356,11.9788308
1909,,44.8478462,11.9788245
1910,,44.847655,11.9788266
1911,,44.8474444,11.9788335
1912,,44.8475659,11.9786345
1913,,44.8477736,11.978626
1914,,44.8479816,11.9786121
1915,,44.8481883,11.9786097
1916,,44.848292,11.9787456
1917,,44.8480559,11.9787541
1918,,44.8478337,11.9787535
1919,,44.8476121,11.9787538
1920,,44.8475806,11.9786727
1921,,44.8478187,11.9786718
1922,,44.8480831,11.9786658
1923,,44.8483392,11.9786615
1924,,44.8483571,11.9782964
1925,,44.8481412,11.9783096
1926,,44.8479128,11.9783048
1927,,44.8476761,11.9783082
1928,,44.8474604,11.9780664
1929,,44.8476408,11.9776313
1930,,44.8478101,11.9776363
1931,,44.8479953,11.9776372
1932,,44.8481906,11.9776372
1933,,44.8483637,11.977638
1934,,44.8481741,11.9777567
1935,,44.8479733,11.977763
1936,,44.8477601,11.9777661
1937,,44.8475627,11.9777697
1938,,44.8475684,11.9778889
1939,,44.8477528,11.9778798
1940,,44.847947,11.9778795
1941,,44.8481339,11.9778768
1942,,44.8483256,11.9778717
1943,,44.8482567,11.9782451
1944,,44.8480458,11.9782464
1945,,44.8478501,11.9782399
1946,,44.84762,11.9782421
1947,,44.8474964,11.977965
1948,,44.8476836,11.9779741
1949,,44.8478733,11.9779802
1950,,44.8480894,11.9779752
1951,,44.8482813,11.977981
1952,,44.8484782,11.9779807
1953,,44.8484407,11.9781463
1954,,44.8482448,11.9781553
1955,,44.8480269,11.9781579
1956,,44.8478296,11.9781694
1957,,44.847629,11.9781588
1958,,44.8475481,11.9780688
1959,,44.8477513,11.9780692
1960,,44.8479557,11.9780632
1961,,44.8481526,11.9780561
1962,,44.8483726,11.978053
